rank,artist,album,genre,review_url,review,html
1,Kali Malone,The Sacrificial Code,Modern Classical / Ambient,https://boomkat.com/products/the-sacrificial-code,"Our album of the year 2019 is Kali Maloneâ€™s 'The Sacrificial Codeâ€™ - Â a major work featuring almost two hours of concentrated, creeping organ pieces. 'The Sacrificial Code' provided us with precious mental refuge just as the world started to spin out of control around us. It's an album that somehow slowed everything down, allowing us to take notice of every slight movement, as if every minute shift in sound became magnified through stillness.","<iframe src=""https://open.spotify.com/embed/album/3uZXkg8c5Ibsvuz1ZSpeSD"" width=""300"" height=""80"" frameborder=""0"" allowtransparency=""true"" allow=""encrypted-media""></iframe>"
2,Jim O'Rourke,To Magnetize Money And Catch A Roving Eye,Electronic,https://boomkat.com/products/to-magnetize-money-and-catch-a-roving-eye,"Sonic shapeshifter Jim Oâ€™Rourke yields 4 hours of engrossing, kaleidoscopic recordings from the Steamroom circa 2017-2018 in one of his most significant outings for years. Bringing everyone up to date with Oâ€™Rourkeâ€™s actions out in Japan, where heâ€™s been stationed for a good few years, â€˜to magnetize money and catch a roving eyeâ€™ operates under a title as curiously evocative as the music within.",Not available
3,The Caretaker,Everywhere At The End Of Time - Stage 6,Electronic,https://boomkat.com/products/everywhere-at-the-end-of-time-stage-6,Earlier this year The Caretaker providedÂ closure to a 20 year-long act that has uncannily lurked in the shadows of so many of our listening lives.,Not available
4,Angel Bat Dawid,The Oracle,Jazz / Fusion,https://boomkat.com/products/the-oracle-197c5e97-a755-42b8-9d44-2632c42b39a6,"Angel Bat Dawid is an enigma; her debut album 'The Oracleâ€™ (released earlier this year on tape) is a total anomaly. Dawid recorded, overdubbed and mixed the album on her own after a brain tumor diagnosis disrupted her music studies, she plays every instrument you hear (except for some drums), appears on the cover and produced every flawless twist and turn youâ€™ll find inside.","<iframe src=""https://open.spotify.com/embed/album/4kZN7ATceKiek6dJS0I15M"" width=""300"" height=""80"" frameborder=""0"" allowtransparency=""true"" allow=""encrypted-media""></iframe>"
5,Morton Feldman,Morton Feldman Piano,Modern Classical / Ambient,https://boomkat.com/products/morton-feldman-piano,"â€˜Morton Feldman Pianoâ€™ is a major 5CD collection of virtually all of Feldmanâ€™s music for piano, performed by Philip Thomas with a tactility befitting of this extraordinary, quiet, intimate music. Itâ€™s the most extensive survey of Feldmanâ€™s piano music since John Tilburyâ€™s long unavailable 4-CD set was released 20 years ago, including several pieces which werenâ€™t included there, and three works which have never been released on disc before at all.","<iframe src=""https://open.spotify.com/embed/album/2i4d6fTKwIEDeHw3ofBjv5"" width=""300"" height=""80"" frameborder=""0"" allowtransparency=""true"" allow=""encrypted-media""></iframe>"
6,1127,Tqaseem Mqamat El Haram 2016-2019,Electronic,https://boomkat.com/products/tqaseem-mqamat-el-haram-2016-2019,"The unmissable, head-twisting debut LP by Cairo's 1127 returns on a special one-off clear vinyl pressing for those who missed its shockwaves for the first time back in summer 2019, now including a bonus tape of previously unreleased, utterly crushing material from his 2016-2019 archive. Huge recommendation if you're into Autechre, Arca, Crowww, Rabit.",Not available
7,King Midas Sound,Solitude,Electronic,https://boomkat.com/products/solitude-9b9c784b-5a6b-4afb-a5ea-ce8bbd84bf7e,"Having been auspiciously cued for a Valentineâ€™s Day release, King Midas Sound'sÂ â€˜Solitudeâ€™ is a meditation on loss, an elegy to extinguished romance and love in the endtimes.","<iframe src=""https://open.spotify.com/embed/album/1fqZlYJznVcCC0IcSwneVJ"" width=""300"" height=""80"" frameborder=""0"" allowtransparency=""true"" allow=""encrypted-media""></iframe>"
8,Jonnine,Super Natural,Electronic,https://boomkat.com/products/super-natural-29f298b2-9ec5-4204-8429-c69c03416577,"This Instant classic solo debut of smoky vocal introspection and 808 heartbeats by Jonnine Standish (HTRK) really did stick in our head like nothing else in 2019.Â Featuring co-production fromÂ Nathan CorbinÂ and guest input by Nigel Yang (HTRK), Conrad Standish (CS + Kreme), and Mona Ruijs, it's a properly stunning EP that comes with aÂ massive recommendation if yr feeling Chromatics, Leslie Winer, HTRK...","<iframe src=""https://open.spotify.com/embed/album/27k6gIWJeXH4Tj18XrhDw4"" width=""300"" height=""80"" frameborder=""0"" allowtransparency=""true"" allow=""encrypted-media""></iframe>"
9,Laura Cannell & Polly Wright,Sing As The Crow Flies,Modern Classical / Ambient,https://boomkat.com/products/sing-as-the-crow-flies,"Tapping a sublime vein of purely vocal improv inspired by local landscape, history and people, Norfolkâ€™s Laura Cannell and Polly Wright quietly blow us away with their debut collaboration. Remarkably conceived, recorded and released in 2019 - the same year they first met - â€˜Sing as the Crow Fliesâ€™ is a super-natural meeting of mutual souls seeking to limn a sort of deep topographical reading of their home turf in a series of haunting, near-wordless hymns.","<iframe src=""https://open.spotify.com/embed/album/2syXTIrO5CJD1mpQG49uVk"" width=""300"" height=""80"" frameborder=""0"" allowtransparency=""true"" allow=""encrypted-media""></iframe>"
10,Kim Gordon,No Home Record,Electronic,https://boomkat.com/products/no-home-record,"Brilliantly loose-limbed, inspirational solo debut album from Kim Gordon after four decades fronting myriad projects, most notably Sonic Youth, but also with numerous collaborators including Tony Conrad, Ikue Mori, Julie Cafritz, Stephen Malkmus and most recently with Bill Nace as one half of Body/Head.","<iframe src=""https://open.spotify.com/embed/album/6HSBWnhRiJ3jZulqAmyim7"" width=""300"" height=""80"" frameborder=""0"" allowtransparency=""true"" allow=""encrypted-media""></iframe>"
11,Klein,Lifetime,Electronic,https://boomkat.com/products/lifetime-3ca1a574-38c1-4dea-b259-90657947b6a2,"â€˜Lifetimeâ€™ is the debut album proper by visionary collagist/producer/vocalist Klein, following from 2016â€™s head-spinning introduction made with â€˜Onlyâ€™. Recorded by Klein over the past 18 months and issued on her own label, inj inc., the album renders her mosaic of ideas taken from Gospel composer James Cleveland to film pioneer Spencer Williams and 18th C. tonalities in dreamlike 3D, and elevates her form of abstract, contemporary spirituality to quietly jaw-slapping degrees.","<iframe src=""https://open.spotify.com/embed/album/6vZszIMZ7Spzca3C7QSgaY"" width=""300"" height=""80"" frameborder=""0"" allowtransparency=""true"" allow=""encrypted-media""></iframe>"
12,...,No Title,Electronic,https://boomkat.com/products/no-title-04aeabc2-a97d-4e85-a75f-a84a4cc215b4,"SÃ¤hkÃ¶ are keeping schtum about this ace enigma from â€œan experimental artist willing to stay anonymous on this projectâ€, although they do mention a likeness to Nurse With Wound, Hafler Trio, Zoviet*Franceâ€¦ Presented under the low key moniker, â€¦, â€˜No Titleâ€™ sounds like a night in an abandoned wooden cabin in the arctic circle with CM Von Hausswolff, and only a reel to reel and a broken radio for company.","<iframe src=""https://open.spotify.com/embed/album/5qPZrSLh2oecfujdUZqgmy"" width=""300"" height=""80"" frameborder=""0"" allowtransparency=""true"" allow=""encrypted-media""></iframe>"
13,Jessica Pratt,Quiet Signs,Folk / Roots,https://boomkat.com/products/quiet-signs,"Jessica Prattâ€™s exceedingly strange, seemingly sped up but ultimately completely immersive vocals are in haunting/beguiling effect on her 3rd album following an eponymous 2012 debut and â€˜On Your Own Love Againâ€™ [Drag City, 2015]. Youâ€™re either going to think the engineer is taking the piss or youâ€™ll fall heavy under her spell - count us firnly under the latter....","<iframe src=""https://open.spotify.com/embed/album/00oz3t7cI3WfwS2oEIZD6x"" width=""300"" height=""80"" frameborder=""0"" allowtransparency=""true"" allow=""encrypted-media""></iframe>"
14,Wojciech Rusin,The Funnel,Electronic,https://boomkat.com/products/the-funnel-ea0ba389-4dd3-4233-b30e-a35013bd21cf,"An amazing slab from Glasgowâ€™s fecund subterrain, â€˜The Funnelâ€™ is Wojciech Rusinâ€™s debut razz of field recordings and choral composition riddled with rug-pulling edits and keeling turns of phrases - arguably a spiritual parallel to LÃ¡szlÃ³ HortobÃ¡gyi, Black Zone Myth Chant, Jani Christou, Ã‰l-G A big clue to the cryptic chicanery of â€˜The Funnelâ€™ is the fact that Wojciech Rusin builds his own instruments, which accounts for some degree of the odd tonalities at work.",Not available
15,Leila Bordreuil,Headflush,Electronic,https://boomkat.com/products/headflush,"The label behind Dominique Lawalreeâ€™s much-adored compilation pick out a real abstract beauty by cellist Leila Bordreuil for their 4th release, coming off like some dream meeting of Anne Guthrie and Kevin Drumm as overseen by Eliane Radigue.","<iframe src=""https://open.spotify.com/embed/album/6OsI5ZkpP1IVCe1qUhAbQj"" width=""300"" height=""80"" frameborder=""0"" allowtransparency=""true"" allow=""encrypted-media""></iframe>"
16,Carla Dal Forno,Look Up Sharp,Electronic,https://boomkat.com/products/look-up-sharp,"Carla dal Fornoâ€™s keenly anticipated 2nd album pays dividends on the promise of her debut, returning a gorgeous, stately suite of chamber pop that certifies her among the most vital songwriters in her field. Tipped to fans of Nico, HTRK, CS + Kreme, Dome, Julee Cruise... Forming an exquisitely pruned bouquet of midnight wildflowers, â€˜Look Up Sharpâ€™ makes the shrugging pop of Carlaâ€™s debut LP â€˜You Know What Itâ€™s Likeâ€™ [2016] feel almost naif by comparison.","<iframe src=""https://open.spotify.com/embed/album/1oGsfPf2MzsctniqNsDZFy"" width=""300"" height=""80"" frameborder=""0"" allowtransparency=""true"" allow=""encrypted-media""></iframe>"
17,H-Fusion,Captured Entities,Techno / House,https://boomkat.com/products/captured-entities,"Cult Detroit DJ/producer Howard Thomas aka H-Fusion supplies a crackshot debut album of psycho-jit-jazz and rugged raw house on The Death of Rave following his secret weapon 12â€s and trax for Sound Signature, Transmat and Fit between 2005-2012.","<iframe src=""https://open.spotify.com/embed/album/4H3qozpwEplrNuCRvhkVAi"" width=""300"" height=""80"" frameborder=""0"" allowtransparency=""true"" allow=""encrypted-media""></iframe>"
18,Bill Callahan,Shepherd in a Sheepskin Vest,Folk / Roots,https://boomkat.com/products/shepherd-in-a-sheepskin-vest,"Itâ€™s been 20 years since we heard Smogâ€™s â€™Spanish Mossâ€™ for the first time and every Bill Callahan record since has f#cked us up. This is his first new one in years and is quite possiblyÂ his best. Supremely beautiful music... ""As you listen to â€˜Shepherd In A Sheepskin Vestâ€™, a feeling of totality, ofÂ completeness, steals over you, like a thief in broad daylight. Of course it does -Â youâ€™re listening to a new Bill Callahan record. The first one in almost six years.","<iframe src=""https://open.spotify.com/embed/album/59hAqiqCmbfLBDtMzGCNpp"" width=""300"" height=""80"" frameborder=""0"" allowtransparency=""true"" allow=""encrypted-media""></iframe>"
19,Not Waving & Dark Mark,Downwelling,Electronic,https://boomkat.com/products/downwelling,"One of the yearâ€™s more unexpected collaborations, legendary singer songwriter Mark Lanegan and Ecstatic maverick Alessio Natalizia, aka Not Waving, hookÂ up for thisÂ timeless, modernist fusion of barrel-aged narratives and diverse, experimental backdrops that reminds us of everything from Scott Walker to Conny Plank & Moebius, from Christof Kurzmann to David Sylvian.","<iframe src=""https://open.spotify.com/embed/album/4oi6DxgouCsmf9Jk4NGCMR"" width=""300"" height=""80"" frameborder=""0"" allowtransparency=""true"" allow=""encrypted-media""></iframe>"
20,Msylma,Dhil-un Taht Shajarat Al-Zaqum,Electronic,https://boomkat.com/products/dhil-un-taht-shajarat-al-zaqum,"One of 2019â€™s standout albums is now available on vinyl for the first time; the solo debut by Mecca-based Msylma is a compelling coming-of-age tale sung in classical Arabic and set to stark, mystic electronic production by Zuli, 1127 and the artist himself for Rabitâ€™s often pioneering Halcyon Veil label.","<iframe src=""https://open.spotify.com/embed/album/2mEvOnBC6J3qUtUxXCnWvO"" width=""300"" height=""80"" frameborder=""0"" allowtransparency=""true"" allow=""encrypted-media""></iframe>"
21,Ben Vida,Reducing The Tempo To Zero,Electronic,https://boomkat.com/products/reducing-the-tempo-to-zero-b94b060d-5b7a-480b-bc01-c86cbe211e6b,"Shelter Press cap 2019 with a steeply hypnotic, four hour long immersion into the liminal boundaries of Ben Vidaâ€™s digital and analog synthesis - oneÂ of the most immersive and moving releases weâ€™ve heard this year andÂ an unmissable trip for followers of Eliane Radigue, Dennis Johnson, La Monte Young, Morton Feldman or anyone who fell deepÂ into Jim Oâ€™Rourkeâ€™s recent, similarly epic 'To Magnetize Money And Catch A Roving Eyeâ€™ set.","<iframe src=""https://open.spotify.com/embed/album/033UsK6TLBKkOwmAUvzyI8"" width=""300"" height=""80"" frameborder=""0"" allowtransparency=""true"" allow=""encrypted-media""></iframe>"
22,Anne Imhof,Faust,Electronic,https://boomkat.com/products/faust-301a8778-6e66-4284-b066-194028e56631,The stunning next instalment in PANâ€™s Entopia series is an audio document of Anne Imhofâ€™s acclaimed â€˜Faustâ€™ performance at the German Pavilion of the 2017 Venice Biennale - awarded the Golden Lion for Best National Participation.,"<iframe src=""https://open.spotify.com/embed/album/24jfACXpDB9X9e8RqHQcxF"" width=""300"" height=""80"" frameborder=""0"" allowtransparency=""true"" allow=""encrypted-media""></iframe>"
23,Caterina Barbieri,Ecstatic Computation,Electronic,https://boomkat.com/products/ecstatic-computation-95212383-d32c-4ece-9011-8cc538af1046,"Caterina Barbieri somehow recalls both Laurie Spiegel and Lorenzo Senni on her staggering debut album for Editions Mego, with â€˜Ecstatic Computationâ€™ yielding her most striking and accessible experiments in pointedly explorative synthesis Working at the point where deep, learned R&D meets sophisticated expression of soul, â€˜Ecstatic Computationâ€™ is one of those rare LP's that comes close to divining the ghost in the machine.","<iframe src=""https://open.spotify.com/embed/album/1hOgPjM2AP2zUJnaXmmEGb"" width=""300"" height=""80"" frameborder=""0"" allowtransparency=""true"" allow=""encrypted-media""></iframe>"
24,Sunn O))),Life Metal,Dark Ambient / Drone / Metal,https://boomkat.com/products/life-metal,"Greg Anderson & Stephen Oâ€™Malleyâ€™s Sunn 0))) mark 20 years of shaking our foundations with â€˜Life Metalâ€™, their 8th studio album and first all analog recording, engineered by none other than Steve Albini. Under a title that pricks trve metal seriousness (itâ€™s an inside joke about Norwegian metal â€œselloutsâ€), â€˜Life Metalâ€™ is offered as the closest possible representation of the bandâ€™s staggeringÂ live prowess.","<iframe src=""https://open.spotify.com/embed/album/7A10XxbkAl4hIQRMp4NyKO"" width=""300"" height=""80"" frameborder=""0"" allowtransparency=""true"" allow=""encrypted-media""></iframe>"
25,Nkisi,7 Directions,Electronic,https://boomkat.com/products/7-directions-f8b2e3c2-bec7-4c18-95eb-a259e3652317,"Nkisi rolls out a modern classic with â€˜7 Directionsâ€™ for UIQ. A masterful debut album informed by African Cosmology and Congolese rhythms, itâ€™s aesthetically comparable with music ranging from Autechre's â€˜Incunabulaâ€™ to The Connection Machineâ€™s â€˜Painlessâ€™ andÂ Lee Gamble's hyperprisms, but ultimately itâ€™s peerless in the (hyper)modern field...","<iframe src=""https://open.spotify.com/embed/album/0PIVTG2gpP4lLUOYFRdKoe"" width=""300"" height=""80"" frameborder=""0"" allowtransparency=""true"" allow=""encrypted-media""></iframe>"
26,Dj Nigga Fox,Cartas Na Manga,Grime / Fwd,https://boomkat.com/products/cartas-na-manga,"DJ Nigga Foxâ€™s most substantial release to date sets a new benchmark for Lisbonâ€™s revered underground ghetto dance scene, pulling traces of jazz, acid house and cinematic sound design into his deeply rugged and exceptional sound with effortless style...","<iframe src=""https://open.spotify.com/embed/album/0y9VSxO8IKtORmWHLtiMcX"" width=""300"" height=""80"" frameborder=""0"" allowtransparency=""true"" allow=""encrypted-media""></iframe>"
27,Andy Stott,It Should Be Us,Electronic,https://boomkat.com/products/it-should-be-us,"Andy Stottâ€™s first release since 2016 and first EP since 2011, â€˜It Should Be Usâ€™ is a double EP of slow and raw productions for the club, recorded this year and following on from a series of EPâ€™s that started with â€˜Passed Me Byâ€™ and â€˜We Stay Togetherâ€™ earlyÂ this decade.Â  Recorded fast and loose over the summer, these 9 tracks (8 on the vinyl) harness a pure and bare-boned energy, melodies subsumed by drum machines and synths; slow, rugged abandon.","<iframe src=""https://open.spotify.com/embed/album/2b4RNCznna9U13uXza9jdl"" width=""300"" height=""80"" frameborder=""0"" allowtransparency=""true"" allow=""encrypted-media""></iframe>"
28,Girl Band,The Talkies,Indie / Alternative,https://boomkat.com/products/the-talkies,"One of the most inventive, well produced, original and hard-hitting records of the year. There are echoes of The Fall, Can andÂ Sonic YouthÂ but wrapped in something new. F#cking bravo. â€œIn many ways the idea behind the album was to make an audioÂ representation of the house.â€ And this enigmatic manor becomes GirlÂ Bandâ€™s sonicÂ playground: to place yourself within a space and to workÂ with that space harmoniously.","<iframe src=""https://open.spotify.com/embed/album/4HEm06MXeU971JnvRPstSw"" width=""300"" height=""80"" frameborder=""0"" allowtransparency=""true"" allow=""encrypted-media""></iframe>"
29,Sarah Davachi,Pale Bloom,Modern Classical / Ambient,https://boomkat.com/products/pale-bloom,"Sarah Davachiâ€™s â€˜Pale Bloomâ€™ sees the preternaturally gifted composer return to her first instrument, the piano, with ineffably graceful results that incorporate vocals to spine-chilling effect. Served in the wake of a series of albums where Sarah tested her improv mettle on everything from pipe and reed organs to analog synths - garnering a cult following in the process - her first album of 2019 confirms a versatile and bountifully prolific artist at work.","<iframe src=""https://open.spotify.com/embed/album/0R70XNTvAFIr34tqRN9viW"" width=""300"" height=""80"" frameborder=""0"" allowtransparency=""true"" allow=""encrypted-media""></iframe>"
30,FranÃ§ois J. Bonnet & Stephen O'Malley,Cylene,Dark Ambient / Drone / Metal,https://boomkat.com/products/cylene,"The GRMâ€™s artistic director and Sunn O)))â€™s force of nature evoke vast shadowlands and illuminated cave systems in the premiere of their masterful duo recordings, rendering stunning,Â panoramic desert scenes filmed at dusk. It sounds like a more muted, introspective take on Neil Youngâ€™s 'Dead Manâ€™ OST, viaÂ Bohren & Der Club of Gore afterÂ the jazz lights have gone out.","<iframe src=""https://open.spotify.com/embed/album/5NWcRL5T0NhuE3N6XggV6M"" width=""300"" height=""80"" frameborder=""0"" allowtransparency=""true"" allow=""encrypted-media""></iframe>"
31,Deathprod,Occulting Disk,Dark Ambient / Drone / Metal,https://boomkat.com/products/occulting-disk,"Formidable dark ambient seâ€™er Deathprod returns like a rare comet with the keeling â€œanti-fascist ritualâ€ of â€˜Occulting Diskâ€™ - his first solo album in over 15 years - offering a life-affirming warning to the power of negative energy. Proceeding 2004â€™s canonical classic â€˜Morals And Dogmaâ€™, the Norwegian sound design auteur here gathers his uniquely dematerialised productions made in Oslo, Cologne, and L.A. between 2012-2019 under the auspices of an â€œanti-fascist ritual.","<iframe src=""https://open.spotify.com/embed/album/6hZvvOBvyJCr1V6L6FcGGx"" width=""300"" height=""80"" frameborder=""0"" allowtransparency=""true"" allow=""encrypted-media""></iframe>"
32,Madteo,Dropped Out Sunshine,Electronic,https://boomkat.com/products/dropped-out-sunshine,"â€˜Dropped Out Sunshineâ€™ is Madteoâ€™s debut album of trigger-happy club graffiti for Demdike Stareâ€™s DDS label, weighing in a keenly anticipated follow-up to 2012â€™s cult-classic â€˜Noi Noâ€™ LP for SÃ¤hkÃ¶ with a freestyle jack of mutant house, scorched rap, ragga-tekno-steppers, and poignant shoegaze ambient. For our money, it's a straight-up masterpiece of loose-limbed club gear, especially recommended if yr into Andy Stott, Joy O, Mica Levi, Moodymann...!!!","<iframe src=""https://open.spotify.com/embed/album/4Wntqed5D19Pbib0saFI6o"" width=""300"" height=""80"" frameborder=""0"" allowtransparency=""true"" allow=""encrypted-media""></iframe>"
33,Dj Plead,Pleats Plead,Grime / Fwd,https://boomkat.com/products/pleats-plead,"DJ Pleadâ€™s hugely in-demand battery â€˜Pleats Pleadâ€™ is now available to download Bringing her best Mahraganat drums to the table in a signature style lying between OG oingy boingy dubstep, Electro Chaabi and brokebeat techno, Plead stuffs the EP with devilish dancefloor rhythms thru the darting, syncopated drums and flutes of â€˜Baharatâ€™, the gremlinoid chatter of â€˜Salt and Pepperâ€™, the deeper D&B-like touches of â€™Shoulder Popâ€™, and her restless roller â€˜Crush and Burnâ€™. Drums for days!","<iframe src=""https://open.spotify.com/embed/album/14ALSb9uH5y1RZYAFCDl75"" width=""300"" height=""80"" frameborder=""0"" allowtransparency=""true"" allow=""encrypted-media""></iframe>"
34,Elvin Brandhi,Shelf Life,Electronic,https://boomkat.com/products/shelf-life-44de1dc7-840d-4907-9cc4-0a4acb564bf1,"A cult star of the UK underground, Yeah Youâ€™s Elvin Brandhi strikes solo in stunning fashion with â€™Shelf Lifeâ€™ for C.A.N.V.A.S., hot on the heels of their wide-scoped â€˜Cipherâ€™ compilation.","<iframe src=""https://open.spotify.com/embed/album/18092AU4h7AjuA6gx7ZqX2"" width=""300"" height=""80"" frameborder=""0"" allowtransparency=""true"" allow=""encrypted-media""></iframe>"
35,Dean Hurley,Anthology Resource Vol. II: Philosophy of Beyond,Dark Ambient / Drone / Metal,https://boomkat.com/products/anthology-resource-vol-ii-philosophy-of-beyond,"This is fÃ—cking amazing - a second volume of desolate, ambient themes from David Lynchâ€™s sound designer and mixer of choice Dean Hurley, one of those behind-the-scenes guys whose work most subtly colours the popular imagination. If youâ€™re into anything from Deathprod to Badalamenti to Mica Leviâ€™s 'Under the Skinâ€™, the more ascetic end of work from Leyland Kirby / The Caretaker, or Aphex Twinâ€™s â€™Selected Ambient Works Vol IIâ€ - this will rule your world.","<iframe src=""https://open.spotify.com/embed/album/0kVWIXWJWovjiYT1jVU8XK"" width=""300"" height=""80"" frameborder=""0"" allowtransparency=""true"" allow=""encrypted-media""></iframe>"
36,Amazondotcom,Mirror River,Grime / Fwd,https://boomkat.com/products/mirror-river,"Keenly watched newcomer Amazondotcom definitively sets out her killer, technoid tresillo style on â€˜Mirror Riverâ€™, the first release on her L.A.","<iframe src=""https://open.spotify.com/embed/album/6uAcSbDR2nBr6WPE1IOgf3"" width=""300"" height=""80"" frameborder=""0"" allowtransparency=""true"" allow=""encrypted-media""></iframe>"
37,Dolo Percussion,Dolo 4,Techno / House,https://boomkat.com/products/dolo-4,"More of the drum, the whole drum, and nowt but the drum from Andrew Field-Pickeringâ€™s Dolo Percussion - packing four new hotshots alongside all cuts from his preceding trio of 12â€s Holding 16 shots of rhythmic heat in total, â€˜Dolo 4â€™ is the projectâ€™s definitive release following from a highly sought-after L.I.E.S. debut and further volumes divvied between his Future Times and The Trilogy Tapes, which are all coveted by righteous DJs and dancers.","<iframe src=""https://open.spotify.com/embed/album/5fNNpJyOajiIGLz9aekjze"" width=""300"" height=""80"" frameborder=""0"" allowtransparency=""true"" allow=""encrypted-media""></iframe>"
38,Dj Firmeza,Ardeu,Electronic,https://boomkat.com/products/ardeu,"From the crucible of Lisbonâ€™s renowned club scene, DJ Firmeza fulminates four cuts of roiling Batida rhythm and free-spirited vocals in a kuduro (hard-ass) style for his return to the indomitable PrÃ­ncipe. This one's murder!! Leading on from his 2015 solo debut 12â€ and numerous international DJ forays, Firmezaâ€™s â€˜Ardeuâ€™ sees him inject devilish detail into his productions at no expense to his signature, stripped-down suss.","<iframe src=""https://open.spotify.com/embed/album/1F9mvPIn38mxMRY4taPnPh"" width=""300"" height=""80"" frameborder=""0"" allowtransparency=""true"" allow=""encrypted-media""></iframe>"
39,Oren Ambarchi,Simian Angel,Electronic,https://boomkat.com/products/simian-angel,"Eminent avant-garde/experimental explorer Oren Ambarchi opens a rewarding new avenue to embrace the warmth and mystic psychedelia of Brazilian music with assistance from celebrated percussionist and Downtown luminary Cyro Baptista. Arriving just after Ambarchiâ€™s 50th birthday, and Black Truffle's 10th, â€˜Simian Angelâ€™ sees him yoke back from the forward tilt of his rhythm-driven outings over the past decade in order to focus on his electric guitar playing, with utterly sublime results.","<iframe src=""https://open.spotify.com/embed/album/1rPtMVx0lYKNCXysQKdJ7b"" width=""300"" height=""80"" frameborder=""0"" allowtransparency=""true"" allow=""encrypted-media""></iframe>"
40,Ellen Arkbro,CHORDS,Modern Classical / Ambient,https://boomkat.com/products/chords-5a4c6ee2-92ee-4bf6-b840-3054364b3758,"Avant-garde composer and student of La Monte Young, Marian Zazeela and Jung Hee Choi, Ellen Arkbro renders sustained and harmonically opaque chords on her stunning second solo album for Subtext.","<iframe src=""https://open.spotify.com/embed/album/1bXICAmbx0gwDftFTk8raN"" width=""300"" height=""80"" frameborder=""0"" allowtransparency=""true"" allow=""encrypted-media""></iframe>"
41,Richard Youngs & RaÃ¼l Refree,All Hands Around the Moment,Folk / Roots,https://boomkat.com/products/all-hands-around-the-moment,"Frighteningly beautiful, piercingly emotive strings, keys and vocals from the Glaswegian bard and his barcelonaÂ foil, revolving some of Youngsâ€™ most direct songwriting since 1998â€™s â€˜Sapphieâ€™ classic.","<iframe src=""https://open.spotify.com/embed/album/7ma5OXXE2MkqVgC428rlcS"" width=""300"" height=""80"" frameborder=""0"" allowtransparency=""true"" allow=""encrypted-media""></iframe>"
42,Jakob Ullmann,Fremde Zeit Addendum #5 - Solo V FÃ¼r Klavier,Modern Classical / Ambient,https://boomkat.com/products/fremde-zeit-addendem-5,"Bringing to a close a series which has frankly altered the way we listen to and perceive sound and music over the course of this decade, Jakob Ullmann seals his important Fremde Zeit series with â€˜Solo V for Klavierâ€™; a fascinatingly stark and spectral hour-long finale that sets the idea of â€˜Foreign Timeâ€™ in its most minimalist and broadest setting.",Not available
43,Helm,Chemical Flowers,Electronic,https://boomkat.com/products/chemical-flowers,"Luke Younger yields his most engrossing work as Helm with the sorely romantic dynamics of â€˜Chemical Flowersâ€™, his follow-up to 2015â€™s â€˜Olympic Messâ€™. Bolstered by J.G. Thirlwellâ€™s rich string arrangements, itâ€™s a hugely ambitious work that extends from whirling, panoramic vistas to insular, pulsing dynamics, somewhere between Earth, Oren Ambarchi, Keiji Haino and Actress.","<iframe src=""https://open.spotify.com/embed/album/2FQ0HEHPXFOY0EzTzZQmNp"" width=""300"" height=""80"" frameborder=""0"" allowtransparency=""true"" allow=""encrypted-media""></iframe>"
44,Gabber Modus Operandi,HOXXXYA,Electronic,https://boomkat.com/products/hoxxxya,"The first in a series of exclusive editions of releases we've loved in 2019 comes from Indonesian nutters and notorious live act Gabber Modus Operandi. Their debut album for Shanghaiâ€™s maverick Sbvkvlt kru despatched eight hooligan alloys of heavy metal, militant Dutch kick drums and native styles of gamelan and Dangdut Koplo - local folk-pop - for a totally unique proposition no matter what angle youâ€™re coming from.","<iframe src=""https://open.spotify.com/embed/album/5EUXlXcQMU1WOQm2p27kYe"" width=""300"" height=""80"" frameborder=""0"" allowtransparency=""true"" allow=""encrypted-media""></iframe>"
45,Paul Demarinis,Songs Without Throats,Electronic,https://boomkat.com/products/songs-without-throats,"â€˜Songs Without Throatsâ€™ is a large dose of zany brilliance from Paul DeMarinis - a Robert Ashley collaborator and member of The League of Automatic Composers - featuring work exclusively selected and compiled for Oren Ambarchiâ€™s leading edge label, Black Truffle Paul DeMarinis is a graduate of the famous Mills College, where he studied composition with Robert Ashley and Terry Riley, leading to his formative role in the worldâ€™s first computer â€œbandâ€ - The League of Automatic Composers with",Not available
46,Kindohm,Meme Booth,Electronic,https://boomkat.com/products/meme-booth,"â€˜Meme Boothâ€™ is a 100% must-check volley of algorithmic dance trax from Kindohm, returning as Conditionalâ€™s secret weapon with a tape follow-up to his 2016 vinyl LP - both big looks for fans of Rian Treanor, GÃ¡bor LÃ¡zÃ¡r, Mark Fell, Beatrice Dillon, Rennick Bell! Bossing our reflexes right now, â€˜Meme Boothâ€™ is a keenly playful taste of the future from internet recluse and Minnesota, USA resident Mike Hodnick aka Kindohm.","<iframe src=""https://open.spotify.com/embed/album/3XnEmhe4tS4AHNWHV0QvPS"" width=""300"" height=""80"" frameborder=""0"" allowtransparency=""true"" allow=""encrypted-media""></iframe>"
47,33Emybw,Arthropods,Electronic,https://boomkat.com/products/arthropods,"Shanghaiâ€™s Svbkvlt spring a killer new batch of martial steppers and pointillist â€˜tronics by 33emybw to chase her blink â€™n miss vinyl pressing of the â€˜Golemâ€™ LP - backed with remixes by Lechuga Zafiro, Ikonika, and Hakuna Kulalaâ€™s Don Zilla Issued to coincide with its live premiere at Polandâ€™s Unsound festival, â€˜Arthropodsâ€™ manifests as the alien spirit twin of the soul-seeking creatures 33emybw brought to (semi)life in the â€˜Golemâ€™ album.","<iframe src=""https://open.spotify.com/embed/album/2rXziObMhWzZGZ1B85uxYH"" width=""300"" height=""80"" frameborder=""0"" allowtransparency=""true"" allow=""encrypted-media""></iframe>"
48,Stefan Fraunberger,Quellgeister#3,Modern Classical / Ambient,https://boomkat.com/products/quellgeister-3,"Morphine usher a crushing suite of organ music made with an abandoned Saxon pipe organ discovered in Transylvania, Romania - a strong look for fans of Kali Malone, Anna Von Hausswolff, Ellen Arkbro... â€˜Quellgeister #3, Bussdâ€™ is the 3rd instalment of Austrian composer Stefan Fraunbergerâ€™s ongoing research into the influence of nature on culture, and how it â€œtouches on time, periphery, memory, and transience.","<iframe src=""https://open.spotify.com/embed/album/1fpct8q7OoxqiTzUO6D7dF"" width=""300"" height=""80"" frameborder=""0"" allowtransparency=""true"" allow=""encrypted-media""></iframe>"
49,Jenny Hval,The Practice of Love,Indie / Alternative,https://boomkat.com/products/the-practise-of-love,"â€˜The Practice of Loveâ€™ is the 5th solo album peach by Jenny Hval, one of the strongest avant/pop artists to emerge this decade, and certainly one of the most striking to emerge from Norway.Â  Conceived as an interdisciplinary piece for Osloâ€™s Ultima festival, â€˜The Practice of Loveâ€™ investigates the link between life and art in a specific way that Hval terms â€œan umbilical magicâ€, or essentially the empathy of collective creation.","<iframe src=""https://open.spotify.com/embed/album/6Ia2sw3y79k40GHeNjCfLh"" width=""300"" height=""80"" frameborder=""0"" allowtransparency=""true"" allow=""encrypted-media""></iframe>"
50,Irel.Ier,Guang Guai Li,Electronic,https://boomkat.com/products/guang-guai-li,"Exceptionally skewed, killerÂ and asymmetric dancehall mutations from the same label that gave us that amazing Paradonâ€™t EP a couple of years back, this one sounding like the missing link between Demdike Stare, Schaffel and Slikback ğŸ”¥ ""'No idea how to categorise this! I would have called it experimental dancehall but irel.ier who made it says itâ€™s not! Besides i donâ€™t care how you call it - it bangs!",Not available
51,Dj Haram,Grace EP,Grime / Fwd,https://boomkat.com/products/grace-ep,"Class debut from Phillyâ€™s DJ Haram - fusing Arabic percussion and instrumentation with bass pressure for Hyperdub. Like a spartan echo of Mutamassikâ€™s early â€˜00s meeting of Egyptian breaks and rugged hip hop, DJ Haram finds a wickedly gritty friction and traction from a mixtures of sharp electronics and a dead canny sample palette that distinguishes her music from the crowd.","<iframe src=""https://open.spotify.com/embed/album/6ODJBf2C5LXJGIcB9QHU7p"" width=""300"" height=""80"" frameborder=""0"" allowtransparency=""true"" allow=""encrypted-media""></iframe>"
52,Htrk,Venus in Leo,Electronic,https://boomkat.com/products/venus-in-leo,"Nobody does timeless yet modern ennui quite like HTRK. On their 4th album proper the duo trustingly cupÂ your heart in a cats cradle of crepuscular rhythms & valium blues, all riddled with Jonnine Standish's ear worming mantras and Nigel Yangâ€™s heat haze guitar shimmers.","<iframe src=""https://open.spotify.com/embed/album/1Pwkd852XyNVDSm1yxyLq5"" width=""300"" height=""80"" frameborder=""0"" allowtransparency=""true"" allow=""encrypted-media""></iframe>"
53,Mohammad Reza Mortazavi,Ritme Jaavdanegi,World,https://boomkat.com/products/ritme-jaavdanegi,"Award-winning Iranian percussionist Mohammad Reza Mortazavi describes the rhythm of eternity or â€˜Ritme Jaavdanegiâ€™ in eight transfixing ways on his first vinyl album, following 12â€s with Padre Himalaya and Burnt Friedmanâ€™s Nonplace in recent years.","<iframe src=""https://open.spotify.com/embed/album/7lCzl8NjDaPOa1axuCKjaq"" width=""300"" height=""80"" frameborder=""0"" allowtransparency=""true"" allow=""encrypted-media""></iframe>"
54,Felicia Atkinson,The Flower And The Vessel,Electronic,https://boomkat.com/products/the-flower-and-the-vessel,"Sound poet and multidisciplinary artistÂ FÃ©licia Atkinson follows 2017â€™s cherished â€˜Hand In Handâ€™ album with this spellbinding study on loneliness and intimacy, crafted while pregnant and on tour.","<iframe src=""https://open.spotify.com/embed/album/6q2zdnjrihfiV0NZJQvEOy"" width=""300"" height=""80"" frameborder=""0"" allowtransparency=""true"" allow=""encrypted-media""></iframe>"
55,Duke,Uingizaji Hewa,World,https://boomkat.com/products/uingizaji-hewa,"Nyege Nyege Tapes deliver an unmissable volley of hyper-fast, breathless Singeli from Tanzania, this time the vinyl debut of Duke showcasing the sound of Pamoja Records, following multiple zingers from the sceneâ€™s core Sisso Studios.","<iframe src=""https://open.spotify.com/embed/album/2p3IFtmkWQhu1mvaqlwWHT"" width=""300"" height=""80"" frameborder=""0"" allowtransparency=""true"" allow=""encrypted-media""></iframe>"
56,Oliver Coates,John Luther Adamsâ€™ Canticles of the Sky + Three High Places,Modern Classical / Ambient,https://boomkat.com/products/john-luther-adams-canticles-of-the-sky-three-high-places,"Celebrated cellist Oliver Coates beautifully expands upon his blink â€™n miss 2018 release of â€˜John Luther Adamsâ€™ Canticles of the Skyâ€™ with a further three takes on pieces from the same John Luther Adams release, plus an alternate version.","<iframe src=""https://open.spotify.com/embed/album/73ok9VQ3eyjMGdgDubEIC4"" width=""300"" height=""80"" frameborder=""0"" allowtransparency=""true"" allow=""encrypted-media""></iframe>"
57,Rainer Veil,Vanity,Electronic,https://boomkat.com/products/vanity-f5264337-3973-420f-a309-c57722c44745,"After a 5 year pause for breath, Rainer Veil return with their debut full length for Modern Love; an immersive, kinematic tumble through electronic forms from hyper trance to tape dub experiments and loose polyrhythms - a summoning of â€˜ardcore spirits in flux. BigÂ RIYL: Photek, Caterina Barbieri, SND, Lee Gamble, GÃ¡bor LÃ¡zÃ¡r... A hypnotic soundworld tempered by weighty bass and angular construction, â€˜Vanityâ€™ marks a breaking away from the binds of overthinking, an embrace of imperfection.","<iframe src=""https://open.spotify.com/embed/album/4SWekU7rdZGzNnEGfDnWML"" width=""300"" height=""80"" frameborder=""0"" allowtransparency=""true"" allow=""encrypted-media""></iframe>"
58,Sote,Parallel Persia,Electronic,https://boomkat.com/products/parallel-persia,"This album is incredible - a highly complex but beautifullyÂ fluid traversal of Iranian folk music and modular synthesis that reminds us of Dariush Dolat-Shahiâ€™s unparalleled â€˜Electronic Music, Tar and Sehtarâ€™ with itsÂ fantastically creative sense of freedom and abstract expression, pulling us deep into uncanny valleys of hyper modernism bursting with ideas and a sense of disrupted harmony thatâ€™s hard to absorb in one sitting.","<iframe src=""https://open.spotify.com/embed/album/6SqmOQwoPp1Z54pu1C1A7i"" width=""300"" height=""80"" frameborder=""0"" allowtransparency=""true"" allow=""encrypted-media""></iframe>"
59,Logos,Fifth Monarchy,Grime / Fwd,https://boomkat.com/products/fifth-monarchy,"Logos lets rip with the dancefloor hellfire of â€˜Fifth Monarchyâ€™ on the next part of Berceuse Heroiqueâ€™s â€˜Ode To The Soundsystemâ€™ trilogy, leading on from his ace â€˜Imperial Floodâ€™ LP Proudly showing off his UK bass cadet credentials, Logos pulls few punches over three shots of cutthroat grime, grey area pressure and one of the 2019â€™s sickest cuts in â€˜Ghostingâ€™, plus a powerful Ossia remix channelling proper yardcore vibes a la DJ Scud. Trust itâ€™s enough to make a soundboy weep.",Not available
60,Galya Bisengalieva,EP One,Modern Classical / Ambient,https://boomkat.com/products/ep-one-b9caf70a-8936-433e-9e08-37a056c49bfb,"Debut release from award-winning violinist and member of The London Contemporary OrchestraÂ Galya Bisengalieva, occasional Radiohead, Thom Yorke, Jonny Greenwood, Frank Ocean and Actress collaborator. On this EP she performs her own work as well as pieces composed by Claire M. Singer (Touch) and Emilie Levienaise-Farrouch, another award-winning artist who records for FatCatâ€™s post-classical label 130701.","<iframe src=""https://open.spotify.com/embed/album/5pjhexTqJkECGFVnN76eHN"" width=""300"" height=""80"" frameborder=""0"" allowtransparency=""true"" allow=""encrypted-media""></iframe>"
61,Evol,GRM TRAX,Electronic,https://boomkat.com/products/grm-trax,"EVOL cough up the intensely hypnotic results of sessions recorded on a Serge Modular Music System at the GRM in Paris, in early 2019.Â Weighing in at 28 trax wide and 292 minutes long, â€˜GRM Traxâ€™ is arguably the motherload of all EVOL releases.",Not available
62,Judgitzu,Umeme / Kelele,Electronic,https://boomkat.com/products/umeme-kelele,"Incendiary, 180BPM hyper-steppers rhythms riddled with razing drones and field recordings for Nyege Nyege Tapes, the debut electronic music productions by â€œPunk ethnomusicologistâ€ Judgitzu, inspired by time spent in Tanzania and highly compatible with Singeli, hardcore techno, gabber... Roving punk ethnomusicologist Julien Hairon aka Judgitzu delivers fire on Ugandaâ€™s Nyege Nyege Tapes with two cuts of high tension, cheek-pulling club G-force.","<iframe src=""https://open.spotify.com/embed/album/0zodzVrjn2uULS1tCVujC0"" width=""300"" height=""80"" frameborder=""0"" allowtransparency=""true"" allow=""encrypted-media""></iframe>"
63,Marja Ahti,Vegetal Negatives,Modern Classical / Ambient,https://boomkat.com/products/vegetal-negatives,"Marja Ahti poetically manifests the super-natural and pataphysical via environmental field recordings, Buchla 200, ARP 2600, bowl gong and harmonium with â€˜Vegetal Negativesâ€™, her first proper release under this name following a run of tapes and LPs as Tsembla, and roles in Finnish psych ensembles Kiila and Kemialliset YstÃ¤vÃ¤t.","<iframe src=""https://open.spotify.com/embed/album/7kVoROmMRgnG1VnypLjfbk"" width=""300"" height=""80"" frameborder=""0"" allowtransparency=""true"" allow=""encrypted-media""></iframe>"
64,Julia Reidy,"brace, brace",Electronic,https://boomkat.com/products/brace-brace-a9387353-89eb-4687-a67a-3c9f48a5fcf7,"Beautifully eerie 12-string guitar, synth and autotune studies played with a rare, tempered intensity and grace. Itâ€™s a highly unusual disruption of classic Takoma/fingerstyle with electronic drone and found sounds, at different points reminding us of everything from Hope Sandoval to late period Talk Talk, Jim Oâ€™Rourke, Tashi Wada Group and of course John Fahey, while ultimately sounding like none of them.","<iframe src=""https://open.spotify.com/embed/album/0BW9smZXbwEGN9Fq4Gz4mz"" width=""300"" height=""80"" frameborder=""0"" allowtransparency=""true"" allow=""encrypted-media""></iframe>"
65,Tribe Of Colin,Age of Aquarius,Techno / House,https://boomkat.com/products/age-of-aquarius-9aceeda2-80c7-4260-bb0e-a0189f1370b0,"Among the most enigmatic, beguiling producers of recent years, Tribe Of Colin blesses Honest Jonâ€™s with a brilliant LP suite of acidic steppers and hieroglyphic, rhythmelodic riddles comparable to everything from early Shackleton or Hype Williams to Theo Parrish and Alan Lomax recordings Hustling 9 original tracks of amorphous, rugged dub and astral synths, â€˜Age of Aquariusâ€™ arrives in the murky but iridescent wake of Colinâ€™s tape for John T.","<iframe src=""https://open.spotify.com/embed/album/4Y1aIzxaBxmcgLcB1S8oHp"" width=""300"" height=""80"" frameborder=""0"" allowtransparency=""true"" allow=""encrypted-media""></iframe>"
66,Topdown Dialectic,Vol. 2,Electronic,https://boomkat.com/products/vol-2-3289b109-a5a6-4b90-ab83-722fc37a138a,"Swirling dream-sequence dance music from the mysterious Topdown Dialectic, building on the promise of their early ones for Aught and 2018â€™s Vol.1 with a seriously intoxicating new LP. Coolly finding a distinctive voice in the often sound-alike world of dub techno variants, Topdown Dialectic have earned a cult reputation over the past half decade for their software systems-based musicâ€™s beautifully elusive grasp of half-heard melody and unstuck rhythmic flux.â€˜Vol.2â€™ of their series for L.A.","<iframe src=""https://open.spotify.com/embed/album/4hJSp2reHMQOnbPmxVexGL"" width=""300"" height=""80"" frameborder=""0"" allowtransparency=""true"" allow=""encrypted-media""></iframe>"
67,Htrk,Over The Rainbow,Electronic,https://boomkat.com/products/over-the-rainbow-b6bdbada-80a4-4912-af32-b146996b7187,"A follow-up to their Ghostly album â€˜Venus in Leoâ€™, 'Over The Rainbowâ€™ is HTRK's soundtrack to Jeffrey Peixoto's Scientology documentary of the same name, providing us with a rare all-instrumental showreel that's testament to a haunting soul thatâ€™s long lurked under the hood of their singular, hugely evocative sound.","<iframe src=""https://open.spotify.com/embed/album/1e4Mht7dcWH63n7nq7C9Ij"" width=""300"" height=""80"" frameborder=""0"" allowtransparency=""true"" allow=""encrypted-media""></iframe>"
68,Alex Twomey,The Entertainer,Modern Classical / Ambient,https://boomkat.com/products/the-entertainer-ee771114-acc0-4f26-a179-88ce74dc319d,"Another heart-rending beauty from Sean McCannâ€™s Recital, following superb LPs by Sarah Davachi and R.I.P. Hayman with Alex Twomeyâ€™s first album under his own name. Featuring stately, immersive compositions for brass, strings, solo piano, woodwind and electronics, itâ€™s a startling, full-bodied approach that places 'The Entertainerâ€™ well outside the current taste for more disposable ambient and environmental recordings, and for our money,Â one of the great albums of the year so far.","<iframe src=""https://open.spotify.com/embed/album/4bokEYn3mdGxStZfeVkQLX"" width=""300"" height=""80"" frameborder=""0"" allowtransparency=""true"" allow=""encrypted-media""></iframe>"
69,Mc Yallah X Debmaster,Kubali,Electronic,https://boomkat.com/products/kubali,"Hakuna Kulala return with â€˜Kubaliâ€™, revolving around MC Yallahâ€™s fiercely controlled delivery matched by rugged riddims from Debmaster. A prime showcase of east Africaâ€™s incredibly fertile electronic dance music scene, â€˜Kubaliâ€™ catches Uganda-born, Kenya-based MC Yallah step on and off 11 seriously ruffshod productions blessed with the best of both scuzzy industrial fetish styles and up-to-the-second global bass/trap movements.",Not available
70,Jay Glass Dubs,Epitaph,Electronic,https://boomkat.com/products/epitaph-588b8297-746a-43a8-a709-cc23c767be2f,"The breathtaking odyssey of â€™Epitaphâ€™ is Jay Glass Dubsâ€™ definitive opus, a singular redefinition of dub music wielding mutable mixtures of psychedelic dub, ambient-pop and abstract sound design.","<iframe src=""https://open.spotify.com/embed/album/754jn548wJYx6rwz0lu5SO"" width=""300"" height=""80"" frameborder=""0"" allowtransparency=""true"" allow=""encrypted-media""></iframe>"
71,Dj Lag & Okzharp,Steam Rooms EP,Grime / Fwd,https://boomkat.com/products/steam-rooms-ep,"Hyperdub continue to blaze a trail around global â€˜floors with a deadly Gqom EP from South Africaâ€™s DJ Lag and OKZharp Working with the more experienced studio hands of OKZharp, Gqom king DJ Lagâ€™s signature style is buffed-up to optimal pressure while losing none of its raw, direct dancefloor traction.","<iframe src=""https://open.spotify.com/embed/album/5NlNcUw9Mx4wdmaacCxgph"" width=""300"" height=""80"" frameborder=""0"" allowtransparency=""true"" allow=""encrypted-media""></iframe>"
72,Loft,and departt from mono games,Electronic,https://boomkat.com/products/and-departt-from-mono-games,"One of Manchester and UKâ€™s most original new artists, Loft aggregates 3 years of instability in a remarkable debut EP for Tri Angle Where Loft of yore was yoked to linearity, or the â€œmonoâ€ of her new recordâ€™s title, Loftâ€™s current iteration feels as though she'sÂ bifurcating and spiralling around, into herself like a blooming double helix, or, in her own words formingÂ a â€œsound ecology in which the arrow of time splits along the shaft.","<iframe src=""https://open.spotify.com/embed/album/274ZyRepGEzWWmR4JcBCxu"" width=""300"" height=""80"" frameborder=""0"" allowtransparency=""true"" allow=""encrypted-media""></iframe>"
73,Debit,System,Electronic,https://boomkat.com/products/system-8b67af11-b358-4893-bc3e-aa62e0e8ea51,"Delia Beatriz aka Debit gets down to rugged fundamentals on â€˜Systemâ€™, the bruising follow-up to her flashier â€˜Animusâ€™ album. Asymmetric, astringent, aggy, â€˜Systemâ€™ finds Debitâ€™s sound delacquered of gloss and delivered in gruff, textured tones in a wicked balance of gripping rhythmic sensuality and brutality, including a collaboration with footwork producer DJ Earl that stands up firmly next Jlinâ€™s percussive ingenuity.","<iframe src=""https://open.spotify.com/embed/album/743orsXO2tKJT9zmvSYFzX"" width=""300"" height=""80"" frameborder=""0"" allowtransparency=""true"" allow=""encrypted-media""></iframe>"
74,Raime,Planted,Electronic,https://boomkat.com/products/planted,"Raime strain at the harness in four cuttingly sharp mutations of Afrobeats, Footwork, and JungleÂ with scintillating results on the 2nd release on their RR imprint.Â RIYL Leonce, Kode 9, Lee Gamble!!","<iframe src=""https://open.spotify.com/embed/album/6YiJpg2GpjElLxtxAK2lcu"" width=""300"" height=""80"" frameborder=""0"" allowtransparency=""true"" allow=""encrypted-media""></iframe>"
75,Perila,Irer Dent,Electronic,https://boomkat.com/products/irer-dent,"The label that gave us Space Afrikaâ€™s excellent 'Somewhere Decent To Liveâ€™ album last year returns with this quietly shocking solo debut by Berlin-based Russian, Alexandra Zakharenko aka Perila, who creates a sensual and highly unusual sonic tapestry where ASMR bleeds into sonic erotica in nuanced and intoxicating ambient dimensions. Highly recommended if yr into FÃ©licia Atkinson, Huerco S, Leslie Winer... Born in St.",Not available
76,Nick Cave & The Bad Seeds,Ghosteen,Indie / Alternative,https://boomkat.com/products/ghosteen,"""The songs on the first album are the children. The songs on the secondÂ album are their parents. Ghosteen is a migrating spirit.â€™ - Nick Cave. ""The album was recorded in 2018 and early 2019 at Woodshed in Malibu,Â Nightbird in Los Angeles, Retreat in Brighton and Candybomber in Berlin. ItÂ was mixed by Nick Cave, Warren Ellis, Lance Powell and Andrew Dominik atÂ Conway in Los Angeles.Â Ghosteen is the seventeenth studio album from Nick Cave and The Bad Seeds,Â following 2016â€™s Skeleton Tree.","<iframe src=""https://open.spotify.com/embed/album/6UOvMBrdfOWGqSvtQohiso"" width=""300"" height=""80"" frameborder=""0"" allowtransparency=""true"" allow=""encrypted-media""></iframe>"
77,Taeha Types,Mechanical Keyboard Sounds: Recordings Of Bespoke And Customised Mechanical Keyboards,Early Electronic / Soundtracks,https://boomkat.com/products/mechanical-keyboard-sounds-recordings-of-bespoke-and-customised-mechanical-keyboards,"Jonny Trunk draws an astute link between ASMR and â€˜Mechanical Keyboard Soundsâ€™ in this perfectly peculiar side of recordings by bespoke luxury mechanical keyboard maker, Taeha Types, featuringÂ Recordings of 12 bespoke mechanical keyboards. Up there with the oddest and most brilliant Trunk sides, â€˜Mechanical Keyboard Soundsâ€™ takes a closer look and listen to the ubiquitous tool found on desktops everywhere, and may even make you develop a newfound appreciation for the humble keyboard.","<iframe src=""https://open.spotify.com/embed/album/6fsHTE2bAu2wLVUXSXUcCg"" width=""300"" height=""80"" frameborder=""0"" allowtransparency=""true"" allow=""encrypted-media""></iframe>"
78,Xin,Melts into Love,Electronic,https://boomkat.com/products/melts-into-love,"xin tears out on Subtext with a vital detournement of neurofunk D&B, hardcore and dubstep dynamics in their utterly compelling debut album, including aÂ superb link-up with Aya (fka Loft) Leaning deeper into hypermodern dance musick after 2018â€™s introductory EP â€˜To Shock the Sky and Shake the Earthâ€™ and a key live show in support of Holly Herndonâ€™s â€˜PROTOâ€™ launch, xinÂ first full length embraces the breath of their vision from mercurial sci-fi noise sculpture thru bodily-fluid dance swerve and",Not available
79,Banshee,Thought Bubbles EP,Grime / Fwd,https://boomkat.com/products/thought-bubbles-ep,"Piquant mutations of grime, R&B, footwork and all things sweet â€™n road from Banshee, marking up his solo debut proper after a self-released 12â€ and guest spot on Zombyâ€™s â€˜Ultraâ€™ album in 2016 Revolving some of the freshest gear from the UK in years, the â€˜Thought Bubblesâ€™ EP comes with a wickedly freehand approach to meter, space and pitch thatâ€™s bound to cause some confused 33 or 45 toggling.","<iframe src=""https://open.spotify.com/embed/album/1sGyR6Rkd16xuud3uRZmsI"" width=""300"" height=""80"" frameborder=""0"" allowtransparency=""true"" allow=""encrypted-media""></iframe>"
80,Slikback,Lasakaneku / Tomo,Electronic,https://boomkat.com/products/lasakaneku-tomo,"Slikbackâ€™s long awaited vinyl debut compiles his pair of acclaimed Hakuna Kulala releases plus a trio of exclusive new bonus bangers - basically the most incendiary new club mutations from East and Central Africa highly compatible with Gqom, trap, speedcore, dancehall ğŸ”¥ğŸ”¥ğŸ”¥ Hailing from Nairobi, Kenya via Kampala, Uganda, Slikback has rapidly attracted a wave of attention to his undulating mutations of current club styles, as found on the â€˜Lasakanekaâ€™ Â and â€˜Tomoâ€™ EPs between 2018-2019.",Not available
81,Sarah Hennies,Reservoir 1,Electronic,https://boomkat.com/products/reservoir-1,"Avant-percussionist and composer Sarah Hennies explores the brink of un/consciousness in a captivating work for piano and percussion for Oren Ambarchiâ€™s trailblazing Black Truffle. Meditative but often invasively violent, the hour-long piece follows her striking â€˜Embedded Environmentsâ€™ LP for Blume in 2018 with a music that effectively gestures into space between The Necks and Julius Eastman.",Not available
82,Lussuria,Three Knocks,Dark Ambient / Drone / Metal,https://boomkat.com/products/three-knocks,"Yeah that's what weâ€™re talking about; supremely dank, occult dark ambient and submerged black metal atmospheres from Jim Mroz aka Lussuria, properly harrowing recordings pierced by occasional shafts of blinding light and choral arrangements that take us to exceptionally weird places. Huge recommendation If youâ€™re into anything from Hildur GuÃ°nadÃ³ttirâ€™s isolationist soundscapes to Kevin Drumm or Thomas KÃ¶ner's frostbitten classics.","<iframe src=""https://open.spotify.com/embed/album/3je9Pl3Ctw6CubmhHCiOi2"" width=""300"" height=""80"" frameborder=""0"" allowtransparency=""true"" allow=""encrypted-media""></iframe>"
83,NilÃ¼fer Yanya,Miss Universe,Indie / Alternative,https://boomkat.com/products/miss-universe-13d38717-378d-46a6-adc4-7f102d2a4982,No review available,"<iframe src=""https://open.spotify.com/embed/album/4ghm3TST2NwYOIAd5QHjbU"" width=""300"" height=""80"" frameborder=""0"" allowtransparency=""true"" allow=""encrypted-media""></iframe>"
84,Jim Oâ€™Rourke & Not Waving,Side A / Side B,Modern Classical / Ambient,https://boomkat.com/products/side-a-side-b,"Following last yearâ€™s acclaimed 'Sleep Like It's Winterâ€™ album and a steady supply of releases via his own Steamroom, Jim Oâ€™Rourke returns with a rare vinyl outing; a reworking of source material provided by Alessio Natalizia a.k.a. Not Waving. Spread across two longform pieces, O'Rourke channels Popol Vuh on the spiralling, synth-heavy 15 minute A-side, while the flip sounds like highest grade rhythmic Autechre abstractions imaginable.",Not available
85,Carl Stone,Himalaya,Electronic,https://boomkat.com/products/himalaya-0fdb18c3-ff85-4838-ac48-8046bd71fb17,"Strap yourself in for another dose of needlepoint madness by Carl Stone, pushing his sampler to giddy degrees in a brand new volley of strobing arrangements, plus two sharply contrasting tonal and vocal pieces using S.E. Asian field recordings, for Unseen Worlds. Really very good this...","<iframe src=""https://open.spotify.com/embed/album/3SLxagF6VYuIkxMJP9Ole1"" width=""300"" height=""80"" frameborder=""0"" allowtransparency=""true"" allow=""encrypted-media""></iframe>"
86,Leonce,Penetration Testing,Techno / House,https://boomkat.com/products/penetration-testing,"Body-gratifying, technoid suss from one of our favourite rhythmaticians; New Orleans-via-Atlantaâ€™s Leonce, giving his Morph Tracks label a golden start. 2 years since his deadly infectious â€˜Insurgencyâ€™ 12â€ with Fade To Mind, Leonce mints his own label withÂ a swingeing display of rhythmelodic hustle that leaves everyone else seeming stiff as f*ck. Speaking absolute percussive truth in each corner, he rolls out four incredibly supple and slinky dance grooves that say the most with the least.","<iframe src=""https://open.spotify.com/embed/album/4FfKfmm6Yc7sslZW7DofUA"" width=""300"" height=""80"" frameborder=""0"" allowtransparency=""true"" allow=""encrypted-media""></iframe>"
87,My Disco,Environment,Electronic,https://boomkat.com/products/environment-cf8d704a-7b47-40b7-beb9-140bbb8c79f2,"My Disco finally unveil their debut album for Downwards, a brilliant rendering of concrÃ¨te/industrial styles recorded in the same Berlin studio often frequented by EinstÃ¼rzende Neubauten, Pan Sonic and Keiji Haino, somehow channelling the spirit of all three. Itâ€™s an intensely rich and wildly unexpected trip that takes in the ragged intensity of Suicide alongside gong recordings and a kind of isolationist ambient spirit that resides somewhere between Selected Ambient Works Vol II and Raime.","<iframe src=""https://open.spotify.com/embed/album/3LkTclWxediGGYRgcD25o3"" width=""300"" height=""80"" frameborder=""0"" allowtransparency=""true"" allow=""encrypted-media""></iframe>"
88,Cucina Povera,Zoom,Electronic,https://boomkat.com/products/zoom-361f6ba5-906a-4612-ab79-9d5d9614e801,"After blessing Night School with the divine ambient pop of â€˜Hiljaâ€™ - one of 2018â€™s most memorable albums - Cucina Povera, aka Finnish-born, Glasgow-based sound artist Maria Rossi, turns us to mush again with â€˜Zoomâ€™, a startling new album of plaintive choral hooks, murmuring vocals, and super minimal synth strokes.","<iframe src=""https://open.spotify.com/embed/album/0vPMGC3ZPVbL70n8sSyNhm"" width=""300"" height=""80"" frameborder=""0"" allowtransparency=""true"" allow=""encrypted-media""></iframe>"
89,Moon Wiring Club,Cavity Slabs,Electronic,https://boomkat.com/products/cavity-slabs,"Moon Wiring ClubÂ scries dead strong, early Autechre-style hardcore breaks thru the prism of a Playstation on his perennial vinyl volley. Doubling down on the breakbeat chops of summer 2019â€™s ace â€˜Ghastly Garden Centresâ€™ CD, the inimitable artist/medium returns from his Pennine portal with a ritualistic suite of eldritch energies that sound like a rave in a haunted manor house.",Not available
90,Jessica Ekomane,Multivocal,Electronic,https://boomkat.com/products/multivocal,â€˜Multivocalâ€™ is Jessika Ekomaneâ€™s mesmerising debut album of uncanny psychoacousticÂ experiments in rhythm and spatial perception for the nonpareil Important label. A big RIYL Robert Aiki Aubrey Lowe and Eleh .,"<iframe src=""https://open.spotify.com/embed/album/7jea52JWGraUimv5ZIDO0C"" width=""300"" height=""80"" frameborder=""0"" allowtransparency=""true"" allow=""encrypted-media""></iframe>"
91,Skin Crime,Traveller On The Road,Dark Ambient / Drone / Metal,https://boomkat.com/products/traveller-on-the-road,"With perhaps the most impactful, harrowing take on minimalist drone since they released Kevin Drummâ€™s 'Imperial Distortion' over a decade ago, Hospital Productions finally release the first proper new album from Skin Crime in years, a quietly harrowing, Japanese ghost story-inspired album of darkest ambient and industrial shadowplay inverting noise convention and exploring ideas of tense, slow-burn patience instead of aggressive intensity.","<iframe src=""https://open.spotify.com/embed/album/7EKwtN1QjgUIx3BbMRex8H"" width=""300"" height=""80"" frameborder=""0"" allowtransparency=""true"" allow=""encrypted-media""></iframe>"
92,Puto Tito,Carregando A Vida AtrÃ¡s Das Costas,Techno / House,https://boomkat.com/products/carregando-a-vida-atras-das-costas,"Insanely fresh, killer debut volley by 19 year old â€œveteranâ€ of Lisbonâ€™s virulent ghetto sound, recorded when he was just 14 and now remastered and released by the mightyÂ PrÃ­ncipe.Â It's aÂ brilliantly weirdo, avant-garde fusion of portugese/angolan dance music styles championing an ideal of dance music as punkish & direct rather than overworked and generic.","<iframe src=""https://open.spotify.com/embed/album/6Q1FrSHv5AnSL6UjtvxHPI"" width=""300"" height=""80"" frameborder=""0"" allowtransparency=""true"" allow=""encrypted-media""></iframe>"
93,Nivhek,After Its Own Death / Walking In A Spiral Towards The House,Modern Classical / Ambient,https://boomkat.com/products/after-its-own-death-walking-in-a-spiral-towards-the-house,"The patron saint of maudlin romantics, Liz Harris (Grouper) adopts the Nivhek alias for this suite of freeform, glossolalic elegies, featuring a brief guest turn by Kiwi rock legend Michael Morley (The Dead C, Gate), and jointly dispensed between her Yellow Electric label and Superior Viaductâ€™s W.25th In two main movements comprising nine titled parts, Harris typically conjures a sense of stately calm underlined with menacing drones.","<iframe src=""https://open.spotify.com/embed/album/3wjaDfCkbngdwxN2lloyCB"" width=""300"" height=""80"" frameborder=""0"" allowtransparency=""true"" allow=""encrypted-media""></iframe>"
94,Alva Noto & Ryuichi Sakamoto,Two (Live at Sydney Opera House),Modern Classical / Ambient,https://boomkat.com/products/two-live-at-sydney-opera-house,"Alva Noto & Ryuichi Sakamoto share recordings of theirÂ show at Sydney Opera House in 2018, yielding 80 minutes of sublime, glassy electronics;Â minimal but full of that light-handedÂ emotive brilliance SakamotoÂ seems to always supply so generously, and with such little effort. Gorgeous, moving music.","<iframe src=""https://open.spotify.com/embed/album/5Os93ZfZTrXN3Ot0TokYig"" width=""300"" height=""80"" frameborder=""0"" allowtransparency=""true"" allow=""encrypted-media""></iframe>"
95,Ucc Harlo,United,Electronic,https://boomkat.com/products/united-e753b7ec-f71d-4053-85f5-bca68a2b0953,"â€˜Unitedâ€™ is the incredible,Â ambiguous solo debut of medieval and electronic music hybrids by classically trained viola player Annie Garlid as UCC Harlo. To us it sounds like a baroque take on Arthur Russell's 'World Of Echo' treated with choral riffs.","<iframe src=""https://open.spotify.com/embed/album/1IJCa0cblv45Jb0Xgdrb4T"" width=""300"" height=""80"" frameborder=""0"" allowtransparency=""true"" allow=""encrypted-media""></iframe>"
96,Akira Rabelais,CXVI,Modern Classical / Ambient,https://boomkat.com/products/cxvi,"Akira Rabelaisâ€™ years-in-the-making new album CXVI, featuring collaborations with Harold Budd, Ben Frost, Biosphere, Kassel Jaeger and Stephan Mathieu, among others. ItÂ unfurlsÂ a quietly breathtaking, dreamlike sequence of events where early music meets a prism of shoegaze, ASMR, classical and textural sound design - huge recommemdation if yr into Felicia Atkinson, the GRM, Morton Feldman, Stephan Mathieu, Deathprod, Harold Budd...","<iframe src=""https://open.spotify.com/embed/album/7jAFCiQmboahCpQykKWhMS"" width=""300"" height=""80"" frameborder=""0"" allowtransparency=""true"" allow=""encrypted-media""></iframe>"
97,Sean Mccann,Puck,Modern Classical / Ambient,https://boomkat.com/products/puck-0b6ba43b-d497-424c-a1fd-7a49ff0d97d5,"Preeminent avant-gardiste and Recital founder, Sean McCann gently melts our heads with â€˜Puckâ€™ his significant new solo side following from 2016â€™s â€˜Music For Public Ensembleâ€™. It strongly feels like inhabiting someone elseâ€™s dream. Totally spellbinding, life-affirming music from one of contemporary compositionâ€™s pivotal artists. â€œPuck is both public and private in nature. A smear of chamber works from Stockholm, Moscow, New York, and Kansas.","<iframe src=""https://open.spotify.com/embed/album/7FpaMNXVjYF5VqaUuQINfW"" width=""300"" height=""80"" frameborder=""0"" allowtransparency=""true"" allow=""encrypted-media""></iframe>"
98,Cam Deas,Mechanosphere,Electronic,https://boomkat.com/products/mechanosphere,"â€˜Mechanosphereâ€™ is Cam Deasâ€™ abstract yet poignant 2nd album exploring ideas of rhythmic dissonance and head-spinning proprioceptions for The Death of Rave. Following directly from his cultishly-acclaimed mini-LP â€˜Time Exercisesâ€™, which was surprisingly deployed in Richie Hawtinâ€™s recent â€˜CLOSE COMBINED - LIVEâ€™ mix and hailed as â€œHoly F#ck-What is This?!?","<iframe src=""https://open.spotify.com/embed/album/5VVxIN9Ugmbp0SO1i5Tn0m"" width=""300"" height=""80"" frameborder=""0"" allowtransparency=""true"" allow=""encrypted-media""></iframe>"
99,Ana Roxanne,~~~,Modern Classical / Ambient,https://boomkat.com/products/cd7b6a9a-6f4d-4968-b20c-41209164252c,"Ana Roxanne exerts a gently intimate and singular spin on new age ambient tropes on her beautiful newÂ LP,Â sounding something like Julee Cruise via Maggi Payne. Surely among this yearâ€™s finest quiet listens... â€œAna Roxanne is an intersex Southeast Asian musician based in Los Angeles. Born & raised in the Bay Area to immigrant parents, Ana's love for music and singing began through her mother's cd collection of 80's/90's R&B divas.","<iframe src=""https://open.spotify.com/embed/album/4JShepplFefZ43GXoE4bRd"" width=""300"" height=""80"" frameborder=""0"" allowtransparency=""true"" allow=""encrypted-media""></iframe>"
100,Rod Modell,Captagon,Techno / House,https://boomkat.com/products/captagon,"DeepChordâ€™s Rod Modell lists and tilts at 140bpm+ in his banging solo debut LP for Tresor Landing 20 years since his 1st Rod Modell release, â€˜The Autonomous Music Projectâ€™ for Lunar, the â€˜Captagonâ€™ album finds Modell breaking his usual 120bpm sound barrier to go headlong for a classic early Chain Reaction style, nodding to a mid-late â€˜90s era when the likes of Monolake, Matrix and Erosion (T++) kept pace with the rest of techno, but also kept it deep and hypnotic as fuck.","<iframe src=""https://open.spotify.com/embed/album/2T77UnLpqcUZycZiYcvsSo"" width=""300"" height=""80"" frameborder=""0"" allowtransparency=""true"" allow=""encrypted-media""></iframe>"
